{
  "episode_length": [
    155,
    36,
    72,
    38,
    45,
    82,
    38,
    64,
    64,
    49,
    53,
    66,
    46,
    92,
    61,
    39,
    61,
    294,
    72,
    74,
    115,
    59,
    57,
    88,
    95,
    39,
    38,
    63,
    42,
    40,
    116,
    98,
    58,
    40,
    43,
    42,
    161,
    49,
    61,
    175,
    55,
    51,
    60,
    86,
    58,
    59,
    55,
    51,
    111,
    253,
    51,
    40,
    103,
    156,
    45,
    111,
    129,
    97,
    53,
    191,
    48,
    56,
    92,
    87,
    62,
    62,
    50,
    74,
    40,
    39,
    38,
    39,
    37,
    40,
    41,
    41,
    78,
    42,
    41,
    36,
    39,
    38,
    39,
    40,
    47,
    36,
    42,
    41,
    37,
    38,
    51,
    41,
    37,
    52,
    37,
    45,
    58,
    40,
    49,
    231,
    211,
    236,
    284,
    187,
    358,
    165,
    77,
    419,
    89,
    202,
    37,
    70,
    42,
    42,
    49,
    424,
    115,
    72,
    112,
    90,
    190,
    202,
    1736,
    2000,
    2000,
    2000,
    2000,
    2000,
    2000,
    2000,
    2000,
    2000,
    2000,
    2000,
    980,
    2000,
    2000,
    2000,
    2000,
    2000,
    2000,
    2000,
    2000,
    2000,
    1592,
    2000,
    2000,
    2000,
    2000,
    2000,
    2000
  ],
  "reward": [
    668.1170896527091,
    -53.03154276603656,
    131.1613740401716,
    -27.715494415375716,
    5.817714807454863,
    347.94518968438746,
    -25.62911914675891,
    124.09764473378976,
    180.0667901670751,
    63.22507441442551,
    94.97479355119799,
    190.6109009386168,
    34.07970706740096,
    314.34319782054564,
    178.92755853619025,
    -33.61559516507299,
    80.36535057977474,
    1473.1612628702064,
    210.53908077595867,
    259.28413261616856,
    586.7613554237643,
    56.697447172788145,
    137.64520193159296,
    307.8871624110355,
    501.09504358071536,
    -41.185841340723194,
    -32.69958190782066,
    97.87765660737591,
    -7.317064168920837,
    -24.850021851655143,
    303.72700575268976,
    455.21099293190093,
    40.90157866293586,
    -13.976959222390064,
    -23.430393894151763,
    7.778504157329479,
    777.6262691918884,
    36.4970659421285,
    75.00525750599354,
    301.1825456490807,
    99.21118654639588,
    41.77273118275866,
    87.08007093471647,
    281.1273488870528,
    59.551020703332625,
    87.01346630039916,
    87.57393163458025,
    46.80383153778115,
    482.61503476554105,
    1150.4402272324141,
    71.62091769082437,
    -21.562880569080576,
    159.97508283649546,
    263.44653090590737,
    14.566404235493508,
    627.6984546176017,
    457.73068955756423,
    282.1983395846782,
    62.745327023335705,
    790.0107956162014,
    40.69178019000617,
    73.9945011180663,
    159.07417098562803,
    400.3064109549501,
    155.4847602616428,
    160.98913101452422,
    32.098174105956446,
    227.73414218660037,
    -25.907563842085864,
    -18.1997597026144,
    -27.32921447038757,
    -31.808951700805068,
    -40.58923301282374,
    -20.32305835074797,
    -12.345101702247149,
    1.7417201210445512,
    308.2256597867704,
    -9.440154743299999,
    2.9901423757242327,
    -41.27053064269625,
    -20.65025287772282,
    -33.02597251723586,
    -18.1743158044667,
    -13.664247194615754,
    42.47235231335344,
    -46.86201082375055,
    3.128615770567322,
    4.131106201985034,
    -42.0393597795426,
    -21.110322181309925,
    87.76668787596014,
    -7.151796033857238,
    -41.04671790770478,
    88.87226813652691,
    -47.4493092856029,
    30.46761064928438,
    71.66288807476641,
    -51.48339858374655,
    8.347463095817218,
    601.8481900045952,
    686.4858697159303,
    1598.3105748922196,
    1028.6855857025475,
    360.03493519427064,
    1188.829425720034,
    1069.100273597627,
    233.00183084120232,
    1762.6094610547052,
    116.14826275259617,
    314.516069184509,
    -47.96903081610495,
    61.45035571502686,
    -14.59549049208249,
    -25.598251962971972,
    12.77370126151969,
    1653.1317021281325,
    52.53433875536197,
    31.36276515513896,
    65.26373996604397,
    40.6056848875798,
    104.32264455129715,
    338.95024701484135,
    11213.847099857465,
    12131.27381907175,
    13870.053224541654,
    13171.854752789397,
    13889.115214411857,
    13990.455493124964,
    14638.389761172104,
    15010.091857649415,
    14899.230192651385,
    15465.38912619673,
    16441.979085265662,
    16822.89152784145,
    7999.082528341285,
    16210.782908351366,
    16702.11049688531,
    16953.626472839813,
    16956.87373717543,
    17125.293712334536,
    17740.279297838955,
    17937.967641744843,
    17472.332875533128,
    17816.386159973044,
    13801.069806537658,
    17765.929938382757,
    17222.591396742002,
    17498.473936050254,
    17535.87463020252,
    18387.660445336827,
    18079.163831422145
  ],