{
  "episode_length": [
    39,
    156,
    48,
    51,
    58,
    82,
    89,
    112,
    52,
    64,
    86,
    64,
    42,
    157,
    176,
    42,
    105,
    65,
    130,
    52,
    141,
    42,
    58,
    50,
    100,
    148,
    37,
    119,
    49,
    43,
    95,
    58,
    131,
    48,
    46,
    40,
    64,
    55,
    217,
    39,
    36,
    60,
    264,
    306,
    305,
    206,
    275,
    246,
    117,
    56,
    2000,
    867,
    78,
    270,
    347,
    789,
    61,
    1625,
    801,
    2000,
    1509,
    743,
    228,
    2000,
    698,
    2000,
    961,
    1943,
    1924,
    2000,
    2000,
    2000,
    1759,
    817,
    2000,
    2000,
    2000,
    1727,
    2000,
    464,
    1179,
    2000,
    2000,
    2000,
    2000,
    2000,
    541,
    2000,
    2000,
    2000,
    2000,
    2000,
    2000,
    2000,
    1289,
    1,
    2000,
    844,
    184,
    66,
    66,
    51,
    57,
    52,
    52,
    60,
    68,
    84,
    189,
    2000,
    1047,
    91,
    169,
    2000,
    2000,
    2000,
    2000,
    873,
    1,
    1776,
    1,
    2000,
    2000,
    2000,
    2000,
    2000,
    2000,
    2000,
    2000,
    2000,
    2000,
    2000,
    1379,
    2000,
    2000,
    2000,
    2000,
    2000,
    2000,
    2000,
    2000,
    2000,
    2000,
    2000,
    2000,
    2000,
    2000,
    970,
    2000,
    2000,
    2000
  ],
  "reward": [
    -18.264587082976007,
    826.6740626986855,
    22.36406131404398,
    28.27104597194267,
    74.36245731103773,
    206.12019311729586,
    391.8703023946105,
    287.28378653699997,
    76.46684206766449,
    162.6624110246069,
    404.4138481508906,
    114.22301376822304,
    6.6470281934355455,
    783.45203267344,
    369.2241184205107,
    1.2708021447704283,
    469.12417877153916,
    189.55467132709458,
    555.8774545900563,
    32.165096210309116,
    678.0913181770638,
    10.789422176619922,
    59.94900775664121,
    55.317636191273465,
    383.2044567283604,
    593.9535879522142,
    -36.825324156117674,
    584.4519651217827,
    60.03522970593764,
    -5.700499620531232,
    443.6175657688817,
    103.831709921993,
    760.5463302382427,
    49.06134273870842,
    -1.216292735870283,
    -29.472757987824366,
    181.39513981001903,
    39.90859414169489,
    795.941740122741,
    -34.56481930499777,
    -48.03163755525215,
    110.11099704967259,
    816.8044198333057,
    1605.390435833636,
    1515.5488359101455,
    1044.108726205643,
    1819.5649692794789,
    1166.3859251379038,
    394.363809605515,
    64.68816908758578,
    14133.518341744393,
    6690.707197697669,
    301.8421985138281,
    1941.5897294991116,
    2403.3642306126567,
    5768.913127103563,
    70.11052494580113,
    11342.762526242732,
    6248.2544777747125,
    13130.88791597689,
    10842.024707340108,
    4741.697165307592,
    1558.8110482077086,
    15948.91557838128,
    5238.928773362908,
    16391.195435508274,
    7801.711556281437,
    14808.703944714107,
    15341.681052087093,
    15921.497177062165,
    15862.611827503144,
    16732.818506256524,
    13797.555879113343,
    6594.747145445315,
    16419.570191683306,
    16611.374223540588,
    15940.600873198253,
    14781.308462877067,
    17608.554253139642,
    3523.6046589981906,
    9885.861136326148,
    16726.04008484,
    17119.897795337794,
    17568.833599241647,
    17683.332419255144,
    17405.621720242536,
    4712.405197849582,
    16744.509454127634,
    17708.28545581872,
    17405.332614180275,
    16905.260759494788,
    17689.458965469967,
    17705.33279016386,
    17260.875915097196,
    8182.900044913467,
    -100,
    9791.425270193982,
    1116.71036483563,
    215.39361794565013,
    22.54539502558349,
    56.209783517537204,
    4.881168497622994,
    20.794575448235236,
    -23.161458318862813,
    -12.979194314309964,
    39.62372775006921,
    37.921949592655864,
    32.522477667140464,
    121.29915698257801,
    8771.17668677364,
    3683.722911240706,
    55.75097075778953,
    100.62361412288757,
    8374.159725771742,
    13931.043133515377,
    15999.964638437224,
    16833.10343622477,
    6751.810052477016,
    -100,
    14137.504524780039,
    -100,
    16231.97833036817,
    16184.82494746822,
    15937.390698656001,
    15946.676619362865,
    16263.501535530337,
    16346.99776923903,
    17026.357393459173,
    16966.90561727459,
    17343.012093510435,
    17576.395325309622,
    17725.290450624918,
    10677.130739548498,
    17366.830312303053,
    17539.142164654815,
    17740.250130718036,
    17850.377255552852,
    17773.726602521794,
    17729.946738164967,
    17820.123915773987,
    17936.240352818626,
    17923.34400942906,
    17733.35264670291,
    17573.770036802125,
    17976.743218276002,
    17839.98077991264,
    18400.023224354416,
    7190.896528623613,
    18232.578306935422,
    18362.867566711775,
    18273.611576060124
  ],