{
  "episode_length": [
    40,
    119,
    39,
    170,
    76,
    104,
    53,
    57,
    163,
    1,
    85,
    162,
    1,
    61,
    43,
    76,
    74,
    90,
    96,
    65,
    81,
    38,
    194,
    136,
    85,
    104,
    50,
    150,
    101,
    175,
    44,
    36,
    78,
    138,
    114,
    135,
    115,
    468,
    178,
    208,
    187,
    1,
    90,
    231,
    102,
    140,
    49,
    63,
    215,
    70,
    89,
    57,
    215,
    165,
    46,
    177,
    199,
    135,
    115,
    72,
    135,
    160,
    195,
    111,
    490,
    166,
    283,
    510,
    176,
    1,
    88,
    190,
    850,
    1830,
    686,
    757,
    1827,
    187,
    168,
    129,
    544,
    1153,
    1183,
    2000,
    510,
    2000,
    2000,
    2000,
    2000,
    2000,
    2000,
    2000,
    2000,
    2000,
    2000,
    2000,
    2000,
    2000,
    2000,
    2000,
    197,
    2000,
    2000,
    215,
    2000,
    2000,
    2000,
    2000,
    2000,
    2000,
    2000,
    2000,
    2000,
    2000,
    2000,
    2000,
    2000,
    2000,
    2000,
    2000,
    2000,
    2000,
    2000,
    2000,
    2000,
    2000,
    2000,
    2000,
    2000,
    2000,
    2000,
    2000,
    2000,
    2000,
    2000,
    2000,
    2000,
    2000,
    2000,
    2000,
    2000,
    2000,
    2000,
    2000,
    2000,
    2000,
    2000,
    2000,
    2000,
    2000,
    2000
  ],
  "reward": [
    466.43720265046977,
    1423.9183643776846,
    613.0993211306032,
    1592.948747369433,
    1571.466386805318,
    1175.8190711141754,
    1250.9839524498534,
    809.0039750599789,
    1667.0194368388802,
    -100,
    1484.3726462068344,
    1588.6998677481106,
    -100,
    1667.398327474004,
    -7.725388813366479,
    521.1498698767899,
    1317.8958175075668,
    578.4565349897756,
    542.1925817852486,
    1680.638462691622,
    1796.739140855795,
    580.8015247965797,
    1647.5416186816947,
    1742.2850998641056,
    905.8099211613447,
    1062.7206788439944,
    400.6631636730923,
    2062.230546401115,
    771.4411265716311,
    1847.9439237812012,
    1153.6406444367997,
    816.0539382140273,
    1490.620728675034,
    1274.7906262180927,
    2201.3485010623463,
    908.3934948388685,
    1691.2125015754073,
    3051.380972490147,
    2009.9788358878368,
    2322.741459771531,
    2338.2162266642504,
    -100,
    1610.7090183791977,
    1842.8590742756192,
    1071.5216046744788,
    1513.3490547380495,
    1362.1779059368687,
    1684.8818707093856,
    2057.7162060442765,
    1245.0807999923811,
    1447.5898896916685,
    1511.9760382320744,
    1790.3287150918059,
    1464.854958574528,
    1377.6835423270031,
    1136.844954529802,
    2183.495257136025,
    1341.214530100687,
    1318.4981680706096,
    1310.7486655662806,
    1223.4863136999943,
    1323.6457986232783,
    1923.2762275708064,
    958.8030363331818,
    2328.900462609645,
    1794.2627948678874,
    1985.6816774231556,
    3610.8502071363014,
    2351.69183482244,
    -100,
    339.2592378927909,
    1862.5907853772737,
    5882.065918989243,
    9980.908048421921,
    3344.2278191255978,
    1787.8389837788259,
    4245.796650837116,
    2019.4833128216274,
    1794.8959768501707,
    1331.4626788649616,
    2430.6687199165135,
    3637.916509381092,
    2795.9966195337756,
    6563.43769212456,
    1915.1099180373346,
    7539.256242195075,
    10223.86509876622,
    12769.266575856174,
    14566.602530598628,
    14565.167872909486,
    15521.2252188034,
    15942.42419431366,
    15027.552408697911,
    16078.947633001899,
    15435.74543712346,
    15934.099298142557,
    17773.712233036258,
    16001.418039365482,
    15994.483947197425,
    17430.029230880293,
    3030.648740291046,
    16578.23817448008,
    17085.707481028552,
    3342.478214279416,
    16164.511735519884,
    16742.11032524567,
    16001.967292001538,
    18049.816765580716,
    18865.445121019617,
    17558.93645286652,
    18615.94380035815,
    18669.59999881584,
    17575.777125958368,
    18530.519700506302,
    18690.315108046747,
    18195.360140287754,
    19011.229885585086,
    18054.40328829511,
    18463.991591564143,
    18233.861709223256,
    18614.137711437626,
    19180.21865426274,
    18214.188675053974,
    18626.388939168373,
    18580.78719015318,
    18950.558713776765,
    18321.362681860788,
    18815.045902557496,
    18387.948072298394,
    19864.126559182994,
    18574.13676766787,
    18518.240683314172,
    18925.290564302944,
    19072.77221637629,
    19126.84321095085,
    19297.03598488127,
    19263.81688282256,
    18697.974535181835,
    19688.207036683107,
    19694.562523347395,
    19032.574703807604,
    19041.71517094547,
    19004.987689210906,
    19011.429004123183,
    19891.128051153668,
    18591.824340970175,
    18683.41896874154,
    18629.96599562811,
    19202.601516379054,
    18536.17140535579,
    19610.84045006162
  ],