{
  "episode_length": [
    64,
    128,
    86,
    64,
    42,
    60,
    62,
    56,
    46,
    49,
    48,
    118,
    60,
    175,
    92,
    58,
    54,
    53,
    48,
    54,
    53,
    44,
    44,
    80,
    117,
    39,
    44,
    49,
    39,
    48,
    37,
    69,
    42,
    37,
    38,
    40,
    49,
    40,
    39,
    44,
    40,
    36,
    39,
    37,
    50,
    37,
    1,
    41,
    38,
    46,
    41,
    50,
    57,
    52,
    80,
    167,
    374,
    161,
    296,
    92,
    62,
    107,
    41,
    125,
    54,
    40,
    31,
    1,
    36,
    1,
    40,
    38,
    50,
    78,
    408,
    76,
    49,
    53,
    38,
    32,
    34,
    34,
    36,
    33,
    138,
    2000,
    2000,
    1460,
    115,
    44,
    102,
    76,
    53,
    290,
    43,
    37,
    61,
    90,
    143,
    1636,
    323,
    1373,
    2000,
    642,
    1,
    2000,
    2000,
    2000,
    2000,
    2000,
    2000,
    2000,
    2000,
    622,
    2000,
    2000,
    2000,
    2000,
    2000,
    2000,
    2000,
    2000,
    2000,
    2000,
    2000,
    2000,
    2000,
    2000,
    2000,
    2000,
    2000,
    2000,
    2000,
    2000,
    2000,
    2000,
    2000,
    2000,
    2000,
    2000,
    2000,
    2000,
    2000,
    2000,
    2000,
    2000,
    2000,
    2000,
    2000,
    2000,
    2000
  ],
  "reward": [
    99.93452167423749,
    582.5933467856702,
    305.2597981118703,
    65.21141865046363,
    -5.5996009972207474,
    154.16334504522248,
    160.24142683997042,
    65.84215000148598,
    32.49306792790273,
    49.059945762446034,
    18.623792537828137,
    436.2632891561117,
    165.812143801076,
    898.9431257324326,
    122.03895860332594,
    50.43104067992783,
    101.28841727144476,
    28.145152425202383,
    -22.06220804216227,
    49.88393634047762,
    13.7900976058649,
    -1.0853168334549537,
    5.4185302894100005,
    262.046329328613,
    407.78242584048684,
    -34.40696763379461,
    23.594131305715678,
    50.070691834705855,
    -23.16377549736289,
    -34.95687121723833,
    -48.26157921912356,
    72.78673734470959,
    9.560921767320622,
    -40.2891601417008,
    -31.588602113839883,
    -50.53257241120549,
    40.51626064054352,
    -33.582862712866486,
    -29.145815480145558,
    28.911858078313685,
    -18.034843678994932,
    -48.7963288689714,
    -39.54971890855652,
    -50.13977262837958,
    51.10442048248237,
    -129.21188332719453,
    -100,
    -24.259989068080685,
    -38.29683686140872,
    5.870920336642428,
    -7.168183351648636,
    20.78184803526483,
    2.5637419876460115,
    -1.4700343365532547,
    31.762119132291787,
    94.309310329108,
    385.112362282848,
    422.26435832775417,
    871.3156576118552,
    147.4726967714644,
    56.09768709532764,
    92.2520321788397,
    -20.728104459942216,
    358.08481012679226,
    25.72604663355554,
    -18.606685595958183,
    -94.61580661763556,
    -100,
    -95.1869716240975,
    -100,
    -11.679851303568299,
    -34.991115438964485,
    35.129946531553855,
    109.80347048156005,
    2452.813804263179,
    252.72291094808554,
    66.95056677408007,
    36.2033165360306,
    -28.153176899211573,
    -86.06338354655928,
    -90.75455876955496,
    -72.09222572520758,
    -59.551298454135974,
    -85.3652908770182,
    270.056235098301,
    16563.98394079046,
    15129.847444242703,
    5060.147406056424,
    64.84924427937338,
    -10.31491896043012,
    36.81261608811877,
    29.843644606620785,
    6.653461800658761,
    359.86568492396765,
    12.337556801869894,
    -40.845949976355804,
    81.10187807524628,
    90.4124272303167,
    251.15842352164515,
    10763.427613190408,
    1758.3053065043503,
    9259.346227071577,
    16293.911443977764,
    5399.8773917849485,
    -100,
    17276.519342338266,
    17697.944134390924,
    17768.9010934903,
    16891.190335456897,
    17563.328577469318,
    17864.151095597746,
    17500.13108832517,
    17263.943641196427,
    5234.357033784914,
    18373.345778547035,
    18258.86305775276,
    17944.801809695327,
    18246.108421952576,
    18276.31966894894,
    18337.689068775027,
    17940.92623150402,
    18174.21478268513,
    18201.07389761197,
    18485.813610690733,
    18397.25478205675,
    18116.102979014944,
    18528.145387641274,
    18539.635952343524,
    17971.178882514872,
    18415.709295193985,
    18494.8220808105,
    18415.416039680313,
    18487.025015054667,
    18203.041285927407,
    18495.81049853138,
    18114.165429034547,
    18193.077307167707,
    17827.984732697965,
    18506.175200847993,
    18494.92380243272,
    18112.144527294593,
    18425.517420155415,
    17821.338059595528,
    18253.390662137805,
    18364.711891288243,
    18572.69040959721,
    18485.743902934708,
    18330.200183890596,
    18470.927701020115,
    18359.006266886612,
    18206.936112401694
  ],