{
  "episode_length": [
    78,
    141,
    66,
    153,
    74,
    60,
    52,
    37,
    56,
    50,
    89,
    132,
    52,
    41,
    148,
    74,
    95,
    49,
    100,
    192,
    65,
    40,
    63,
    57,
    45,
    78,
    44,
    52,
    46,
    62,
    44,
    52,
    180,
    211,
    102,
    41,
    47,
    54,
    121,
    81,
    46,
    39,
    83,
    48,
    67,
    43,
    36,
    43,
    38,
    44,
    48,
    40,
    42,
    103,
    184,
    46,
    118,
    112,
    98,
    162,
    129,
    148,
    68,
    130,
    78,
    150,
    145,
    50,
    193,
    176,
    39,
    129,
    345,
    195,
    128,
    367,
    137,
    211,
    184,
    359,
    201,
    84,
    241,
    1035,
    164,
    559,
    2000,
    716,
    464,
    1490,
    883,
    407,
    2000,
    1846,
    2000,
    2000,
    1761,
    1051,
    2000,
    2000,
    448,
    233,
    645,
    668,
    1270,
    821,
    2000,
    1854,
    2000,
    2000,
    1560,
    2000,
    2000,
    2000,
    2000,
    2000,
    2000,
    2000,
    2000,
    2000,
    2000,
    2000,
    2000,
    2000,
    2000,
    2000,
    824,
    2000,
    1489,
    1360,
    400,
    2000,
    2000,
    2000,
    2000,
    2000,
    2000,
    2000,
    2000,
    2000,
    2000,
    2000,
    2000,
    2000,
    2000,
    2000,
    2000,
    2000,
    2000,
    2000,
    2000
  ],
  "reward": [
    867.0412919435444,
    1435.8307869206094,
    1276.2225349449293,
    877.4222984738911,
    1367.0518570210788,
    1912.9100260462567,
    997.3954033036314,
    1302.624074690939,
    1541.9183765206353,
    1942.166773516205,
    1476.5799786159293,
    1529.0562658759134,
    1891.9550578240523,
    1198.3855145743607,
    1575.9189580090388,
    1311.805964765809,
    636.401870784725,
    857.5692707006901,
    1550.685012409963,
    1445.186508746681,
    1914.9633588755808,
    910.6671144556107,
    1322.1955066990238,
    875.2852883414922,
    1250.76903281363,
    907.4782728018209,
    1726.4177919063693,
    1441.8371916650055,
    1648.209609608363,
    1004.1561322983782,
    1649.859667973194,
    962.6346546579132,
    863.6079210110516,
    2038.887826641609,
    1717.0616963929676,
    748.7441290837843,
    917.2194689382886,
    991.6595442601022,
    1228.2360511576712,
    959.3289770516064,
    369.55311937576874,
    1147.5736428345613,
    743.7020887175223,
    973.6241560669985,
    1888.932826699111,
    1047.8423202605593,
    1264.9781621066545,
    429.92139530961174,
    891.5679529565296,
    748.8892551644172,
    1161.3651850209878,
    667.9811915208116,
    316.540998676602,
    1549.693455342057,
    1155.3521974562143,
    663.8853144575035,
    976.2408487322275,
    1096.5937727205242,
    764.6411855082399,
    1337.339526850135,
    1273.7098383850632,
    1335.9116181873505,
    1618.2237328005733,
    1173.6517727640498,
    1052.5408618128574,
    1169.4124265307469,
    1485.7721991955812,
    577.3381620623752,
    2300.704667004772,
    1514.2479955221638,
    498.41215657940813,
    1840.9289793719927,
    2638.398145935858,
    2292.411830160621,
    1092.4089335424935,
    1580.8992340059617,
    1520.573504810451,
    2277.800324617243,
    1598.0339577533039,
    1730.158795234548,
    2172.3043245314975,
    707.051776516428,
    1714.7157857218924,
    4680.306555057465,
    1944.412024801153,
    4055.3376400693933,
    11378.262989037496,
    2671.3631566587333,
    1724.7867209837148,
    6654.743919996135,
    5259.828809716322,
    2665.692175930986,
    9592.500805618987,
    11206.012807769848,
    10426.883094695178,
    10951.977818256406,
    10628.94712322957,
    7255.4406110017335,
    13859.484708028249,
    14848.599488010928,
    3832.89378010304,
    2527.719246437197,
    4259.967240650629,
    4374.326534348815,
    8334.46158353568,
    6028.301005074486,
    14188.315183992601,
    13927.705953739061,
    15868.460769476993,
    13077.87317324147,
    12489.027358815854,
    15732.563314772193,
    17381.177971459463,
    15780.986775786467,
    17330.860075982724,
    17723.492213332407,
    16399.550312467003,
    17434.289766363818,
    17482.1227805105,
    17913.71413191851,
    16709.38476988936,
    17469.231465073066,
    17375.30537761312,
    17591.482458610877,
    18002.832780102628,
    18447.217714886407,
    6491.649432024611,
    12126.848844858987,
    9887.562537276655,
    7867.765521988866,
    3475.8853183219617,
    12468.2692481373,
    15693.933846444088,
    17660.79153490183,
    18528.78358286841,
    18364.10339163162,
    18564.290458336563,
    18545.29081060815,
    18892.75431313468,
    17874.99369025993,
    18397.0916597751,
    18481.842242421877,
    18872.090706564177,
    19135.028702961034,
    18640.932927840826,
    19549.15521244909,
    18184.133465393683,
    18710.4080279955,
    19575.359281897396,
    19215.36334938877,
    18816.08820281905
  ],