{
  "episode_length": [
    57,
    43,
    72,
    47,
    42,
    182,
    103,
    41,
    75,
    66,
    65,
    49,
    85,
    44,
    70,
    148,
    58,
    189,
    66,
    172,
    36,
    86,
    82,
    46,
    54,
    237,
    74,
    54,
    50,
    68,
    62,
    103,
    80,
    42,
    46,
    49,
    157,
    53,
    324,
    42,
    86,
    58,
    63,
    51,
    66,
    98,
    244,
    88,
    84,
    250,
    183,
    290,
    87,
    155,
    193,
    188,
    84,
    118,
    99,
    152,
    182,
    441,
    75,
    96,
    157,
    191,
    656,
    428,
    53,
    59,
    322,
    97,
    168,
    255,
    228,
    404,
    1,
    364,
    633,
    768,
    2000,
    2000,
    2000,
    2000,
    2000,
    2000,
    2000,
    2000,
    2000,
    2000,
    2000,
    2000,
    2000,
    183,
    1,
    862,
    111,
    64,
    121,
    212,
    40,
    727,
    668,
    672,
    694,
    437,
    2000,
    2000,
    2000,
    2000,
    2000,
    2000,
    2000,
    2000,
    2000,
    2000,
    2000,
    2000,
    2000,
    2000,
    2000,
    2000,
    2000,
    2000,
    2000,
    2000,
    2000,
    2000,
    2000,
    2000,
    2000,
    2000,
    2000,
    2000,
    2000,
    1059,
    2000,
    2000,
    2000,
    2000,
    2000,
    2000,
    2000,
    2000,
    2000,
    2000,
    2000,
    2000,
    2000,
    2000,
    2000
  ],
  "reward": [
    121.31280858411552,
    15.696605983189698,
    231.74734189782555,
    7.529270478871524,
    -10.374466430716765,
    790.3336264850291,
    358.08522541670663,
    -9.7452920886724,
    254.7267940239799,
    139.890518896581,
    101.9813081724329,
    42.54661493547695,
    54.52437210822123,
    -3.55017212755817,
    130.91443846387094,
    773.0017160316303,
    77.51693328585927,
    755.9284759121364,
    192.66159396681184,
    796.7457502388526,
    -47.76633404639214,
    348.09598297075274,
    228.03568694576586,
    -3.046735293840584,
    89.3548129762139,
    1263.7833247550893,
    188.7310280604329,
    82.47669009764115,
    49.44038785649144,
    214.4858514831621,
    153.9005774183644,
    294.1563125888066,
    111.84502230594452,
    -21.338747843755556,
    27.93815973920485,
    -1.1230073167315027,
    716.6155496140733,
    39.10378458584759,
    1356.5105572543828,
    -15.889952332012427,
    322.95868554387016,
    58.09822418540085,
    167.2523391312631,
    36.4947349033103,
    53.33180096148445,
    271.2701081181335,
    822.7741901924991,
    335.2548986144583,
    87.93041207963572,
    809.851791360643,
    722.8602589080942,
    1502.7148151260603,
    411.7962803564524,
    989.6563659974124,
    1206.7666809371196,
    561.6833918421406,
    353.55321333763015,
    406.52742916122384,
    439.57170546104805,
    455.42600068543743,
    1058.759791320378,
    2813.3035387040327,
    133.8146215109245,
    261.14233565927543,
    734.5703019559886,
    790.9170979800035,
    3504.891987833662,
    2292.750359591472,
    57.08882745697875,
    7.572494028575534,
    1800.129289725794,
    442.46339358863895,
    1020.6113845682626,
    1915.586026729616,
    1389.1923491352259,
    2470.585593550595,
    -100,
    1838.809921826907,
    3774.2494738717787,
    4515.699860532625,
    12548.645154158226,
    17011.11752477229,
    14830.204221731407,
    14865.388789139226,
    14370.512788453725,
    13391.955152443901,
    14629.319535160546,
    14659.855967174832,
    14114.622167883554,
    15331.986447321748,
    15055.770310722488,
    15579.22483813,
    16352.028027701483,
    -262.7149952031143,
    -100,
    5875.080766119336,
    473.8131637058683,
    122.70468005570322,
    616.9164553452581,
    739.5564430616339,
    -8.131562603763527,
    3202.4958544517913,
    4075.9296413817146,
    3343.306791483133,
    4173.321082609953,
    1432.4351038283971,
    10147.690125141675,
    15154.666199822519,
    14677.257234348057,
    17586.119272549815,
    16906.130914454017,
    16073.840970384164,
    16361.318993300158,
    16066.634818069073,
    16154.140687364708,
    17919.42312692942,
    17431.507886134503,
    17239.842376928886,
    17779.197504883843,
    17580.138053368006,
    17765.542588279022,
    17750.17104014987,
    17629.408923142062,
    17530.551108824267,
    17610.2135083998,
    17214.019348644564,
    17344.64044658182,
    18069.893586682523,
    17863.94485240102,
    17371.80998694883,
    17778.41924251545,
    17875.379984107603,
    17738.764821489636,
    17207.931360210547,
    17203.541965403016,
    7448.363873089635,
    15914.73186497453,
    14466.37966708635,
    16812.601858366234,
    17969.953416181736,
    17915.717418482414,
    18196.09159103477,
    18244.552229777335,
    18232.9089424923,
    17902.357519121982,
    18079.75399733199,
    17985.24292829516,
    18229.48947144595,
    18099.366192154106,
    18081.00879489982,
    17774.62368694453
  ],